Lockdown,Vaccination,Total Utility,Utility,Cost of Loss of Lives
1,1,80.4499792742402,23.241769297309755,-57.208209976930455
